{"cameraMode":{"drawMode":0,"name":"Shaded","section":"Shading Mode"},"sceneLighting":false,"audioPlay":false,"sceneViewState":{"m_AlwaysRefresh":false,"showFog":true,"showSkybox":false,"showFlares":true,"showImageEffects":true,"showParticleSystems":true,"showVisualEffectGraphs":true,"m_FxEnabled":true},"in2DMode":false,"pivot":{"x":-0.36263343691825869,"y":-1.4136526584625245,"z":0.18823525309562684},"rotation":{"x":0.6102867722511292,"y":-0.11296971887350083,"z":0.08849398791790009,"w":0.7790820002555847},"size":1.2277326583862305,"orthographic":true}