{"cameraMode":{"drawMode":0,"name":"Shaded","section":"Shading Mode"},"sceneLighting":true,"audioPlay":false,"sceneViewState":{"m_AlwaysRefresh":false,"showFog":true,"showSkybox":true,"showFlares":true,"showImageEffects":true,"showParticleSystems":true,"showVisualEffectGraphs":true,"m_FxEnabled":true},"in2DMode":false,"pivot":{"x":4.220206260681152,"y":-1.5505812168121338,"z":-1.8990898132324219},"rotation":{"x":0.32934972643852236,"y":0.11853654682636261,"z":-0.041734106838703158,"w":0.9358295202255249},"size":12.996231079101563,"orthographic":false}