{"cameraMode":{"drawMode":0,"name":"Shaded","section":"Shading Mode"},"sceneLighting":true,"audioPlay":false,"sceneViewState":{"m_AlwaysRefresh":false,"showFog":true,"showSkybox":true,"showFlares":true,"showImageEffects":true,"showParticleSystems":true,"showVisualEffectGraphs":true,"m_FxEnabled":true},"in2DMode":false,"pivot":{"x":-5.0662078857421879,"y":-0.26489222049713137,"z":23.503093719482423},"rotation":{"x":0.24690814316272736,"y":-0.21301718056201936,"z":0.055723801255226138,"w":0.9437083601951599},"size":21.39615249633789,"orthographic":true}